term,estimate,std.error,statistic,p.value,conf.low,conf.high,phase,outcome,predictor,n_subjects,n_obs
(Intercept),-0.3546250843599466,0.3414404323502235,-1.0386147941500945,0.30015055275671765,-1.0276243632091102,0.31837419448921694,refeed_T1T2,CRP (mg/l),AIP_T0,223,223
Y_T1,0.8550577986097452,0.03607930271138082,23.69939922203725,6.951020752736836e-62,0.7839433598802569,0.9261722373392335,refeed_T1T2,CRP (mg/l),AIP_T0,223,223
AIP_T0,-0.043394202738934344,0.04969307791620393,-0.8732444146870676,0.3835041341918437,-0.14134219727256606,0.054553791794697375,refeed_T1T2,CRP (mg/l),AIP_T0,223,223
age,-6.905119721065107e-4,0.003806179300012377,-0.18141866624734818,0.8562098834877865,-0.008192716401872156,0.006811692457659136,refeed_T1T2,CRP (mg/l),AIP_T0,223,223
sexM,-0.0998545036870587,0.09366714684431739,-1.0660568518546338,0.287593614819195,-0.2844779879187821,0.08476898054466472,refeed_T1T2,CRP (mg/l),AIP_T0,223,223
BMI_baseline,0.014832784546098508,0.009509905179465414,1.5597194994253678,0.12029692424756726,-0.0039118008085127914,0.03357736990070981,refeed_T1T2,CRP (mg/l),AIP_T0,223,223
FR_duration,-0.07413283055214444,0.02719035217987139,-2.7264387773183705,0.006930377761905432,-0.12772662225030637,-0.020539038853982505,refeed_T1T2,CRP (mg/l),AIP_T0,223,223
diet_ketoKeto,0.17543945340633868,0.09402782937353235,1.8658247731040645,0.06342780616096676,-0.00989495741478813,0.3607738642274655,refeed_T1T2,CRP (mg/l),AIP_T0,223,223
(Intercept),-0.21442328013755324,0.34844221273458365,-0.6153768754214758,0.5389566877841594,-0.9012234820844864,0.4723769218093799,refeed_T1T2,CRP (mg/l),logHOMA_T0,223,223
Y_T1,0.8569541109599791,0.03617626005311152,23.688300274872457,7.477062763615118e-62,0.7856485635776147,0.9282596583423435,refeed_T1T2,CRP (mg/l),logHOMA_T0,223,223
logHOMA_T0,0.009664266733359956,0.04490619140630419,0.215210117596462,0.8298075109598344,-0.0788484914783154,0.09817702494503532,refeed_T1T2,CRP (mg/l),logHOMA_T0,223,223
age,-6.10141297404747e-4,0.0038212831608830282,-0.15966921887666513,0.8732915494904341,-0.008142116329918927,0.006921833735109433,refeed_T1T2,CRP (mg/l),logHOMA_T0,223,223
sexM,-0.1381875327875916,0.08470728572751765,-1.6313535677687354,0.10427963616061194,-0.3051506010319963,0.028775535456813134,refeed_T1T2,CRP (mg/l),logHOMA_T0,223,223
BMI_baseline,0.010110512944337163,0.009526363229229293,1.0613192779922092,0.2897355591830572,-0.00866651219939376,0.028887538088068085,refeed_T1T2,CRP (mg/l),logHOMA_T0,223,223
FR_duration,-0.07366290452767545,0.02724218652820343,-2.704001180353616,0.007399278234619208,-0.1273588647909571,-0.019966944264393792,refeed_T1T2,CRP (mg/l),logHOMA_T0,223,223
diet_ketoKeto,0.16892854046206543,0.09386860284491542,1.799627727933268,0.0733214898691742,-0.01609202545734531,0.35394910638147614,refeed_T1T2,CRP (mg/l),logHOMA_T0,223,223
(Intercept),-0.3684661211385727,0.341656158381092,-1.0784705971188033,0.2820322617534665,-1.0418906087487612,0.3049583664716159,refeed_T1T2,CRP (mg/l),TyG_T0,223,223
Y_T1,0.8553084537697302,0.03604694673315329,23.727625535149176,5.774380296836693e-62,0.7842577905862829,0.9263591169531775,refeed_T1T2,CRP (mg/l),TyG_T0,223,223
TyG_T0,-0.043183957714524296,0.04423482400565438,-0.9762434616899176,0.33004097396982024,-0.1303734110868457,0.0440054956577971,refeed_T1T2,CRP (mg/l),TyG_T0,223,223
age,-2.1633006855210945e-4,0.0038155513354876367,-0.056696935653851435,0.9548392704233346,-0.007737007334334226,0.007304347197230008,refeed_T1T2,CRP (mg/l),TyG_T0,223,223
sexM,-0.11325490760437319,0.08714292415646147,-1.2996454812674034,0.19511424905825153,-0.2850187631923669,0.05850894798362051,refeed_T1T2,CRP (mg/l),TyG_T0,223,223
BMI_baseline,0.014504034576858553,0.009171505734355474,1.5814234867158181,0.1152512022494692,-0.003573545464543835,0.03258161461826094,refeed_T1T2,CRP (mg/l),TyG_T0,223,223
FR_duration,-0.07286391889511978,0.02717379447824691,-2.681403914843347,0.007900294525681166,-0.12642507438445322,-0.01930276340578635,refeed_T1T2,CRP (mg/l),TyG_T0,223,223
diet_ketoKeto,0.17386913091738793,0.09381311762277314,1.853356282396708,0.06520139916040318,-0.011042070348775634,0.3587803321835515,refeed_T1T2,CRP (mg/l),TyG_T0,223,223
(Intercept),0.01845754528658772,0.27011012999245043,0.06833340640391239,0.9455849431214218,-0.5140026251678996,0.5509177157410751,refeed_T1T2,ESR (mm/h),AIP_T0,219,219
Y_T1,0.7348418337380211,0.0407108838457739,18.05025497657682,1.1534047785230837e-44,0.6545896634381532,0.8150940040378891,refeed_T1T2,ESR (mm/h),AIP_T0,219,219
AIP_T0,-0.01859416748073853,0.040475975028679216,-0.45938775946876265,0.6464286698338055,-0.09838326892496974,0.06119493396349268,refeed_T1T2,ESR (mm/h),AIP_T0,219,219
age,-0.004561318068631837,0.0031346617805713397,-1.4551228770207125,0.1471213480348967,-0.010740584821962537,0.001617948684698862,refeed_T1T2,ESR (mm/h),AIP_T0,219,219
sexM,0.02266430646689405,0.07659145437541914,0.2959116869070424,0.7675885461764789,-0.12831817928153982,0.17364679221532792,refeed_T1T2,ESR (mm/h),AIP_T0,219,219
BMI_baseline,0.01875007615603848,0.007612733530597212,2.4629886335411446,0.014579175147588044,0.003743318010982327,0.033756834301094635,refeed_T1T2,ESR (mm/h),AIP_T0,219,219
FR_duration,-0.019532592783766387,0.023217487204478474,-0.8412879745228717,0.4011390474300639,-0.06530054378496361,0.026235358217430844,refeed_T1T2,ESR (mm/h),AIP_T0,219,219
diet_ketoKeto,-0.0662257741094097,0.0765493028318344,-0.8651388276506748,0.38794513754618243,-0.21712516775728935,0.08467361953846993,refeed_T1T2,ESR (mm/h),AIP_T0,219,219
(Intercept),0.1309715893876467,0.273034961157206,0.479687981467827,0.6319461160164679,-0.4072542148865714,0.6691973936618647,refeed_T1T2,ESR (mm/h),logHOMA_T0,219,219
Y_T1,0.7363859624837384,0.04077077057208091,18.06161502839003,1.0638370828407238e-44,0.6560157392382135,0.8167561857292633,refeed_T1T2,ESR (mm/h),logHOMA_T0,219,219
logHOMA_T0,0.02205255146443281,0.0364911580485397,0.6043258872491525,0.5462762456669457,-0.04988139723697337,0.09398650016583898,refeed_T1T2,ESR (mm/h),logHOMA_T0,219,219
age,-0.004641587394452413,0.003139573357631448,-1.4784134230117536,0.1407883877438476,-0.010830536195467508,0.0015473614065626825,refeed_T1T2,ESR (mm/h),logHOMA_T0,219,219
sexM,0.0019188046277781078,0.06892589075173698,0.027838662755762102,0.9778171415592667,-0.13395278056387322,0.13779038981942943,refeed_T1T2,ESR (mm/h),logHOMA_T0,219,219
BMI_baseline,0.015076824611232179,0.007570226877471609,1.9915948168078828,0.047705149020377875,1.53858583744294e-4,0.02999979063872006,refeed_T1T2,ESR (mm/h),logHOMA_T0,219,219
FR_duration,-0.01968130936500823,0.023211205343879635,-0.8479227628821882,0.3974418134313341,-0.0654368771188044,0.026074258388787946,refeed_T1T2,ESR (mm/h),logHOMA_T0,219,219
diet_ketoKeto,-0.0678590935650286,0.07628942612318286,-0.8894953994732903,0.37474988651388796,-0.21824619988555172,0.08252801275549453,refeed_T1T2,ESR (mm/h),logHOMA_T0,219,219
(Intercept),0.054780397105121725,0.27113619681528417,0.20204014716058638,0.8400800001165525,-0.4797024287581022,0.5892632229683457,refeed_T1T2,ESR (mm/h),TyG_T0,219,219
Y_T1,0.7347926447889199,0.040742898553351954,18.03486425558861,1.2869222947508334e-44,0.6544773648357616,0.8151079247420783,refeed_T1T2,ESR (mm/h),TyG_T0,219,219
TyG_T0,-0.0035743191164465437,0.03621633433753295,-0.0986935641562786,0.9214752748586814,-0.07496651590350699,0.06781787767061391,refeed_T1T2,ESR (mm/h),TyG_T0,219,219
age,-0.004469910803334035,0.003143274848131417,-1.4220553465094736,0.15648669803208273,-0.010666156243918347,0.0017263346372502772,refeed_T1T2,ESR (mm/h),TyG_T0,219,219
sexM,0.00884472574079931,0.07130810240843947,0.12403535421737036,0.901405361228812,-0.13172284336238443,0.14941229484398305,refeed_T1T2,ESR (mm/h),TyG_T0,219,219
BMI_baseline,0.017436984011856088,0.007398676775072225,2.3567706147949505,0.01935037415562965,0.002852189665554738,0.032021778358157435,refeed_T1T2,ESR (mm/h),TyG_T0,219,219
FR_duration,-0.019153763746418258,0.023218075909354367,-0.8249505179152837,0.4103313326990313,-0.06492287524425652,0.026615347751420014,refeed_T1T2,ESR (mm/h),TyG_T0,219,219
diet_ketoKeto,-0.06873037102738234,0.07643030435919376,-0.8992554930093616,0.3695416797947134,-0.21939518647922085,0.08193444442445617,refeed_T1T2,ESR (mm/h),TyG_T0,219,219
(Intercept),-0.24680540418059096,0.09983139093982847,-2.472222432815229,0.014203623825654491,-0.44357897796782997,-0.05003183039335196,refeed_T1T2,Ferritin (µg/l),AIP_T0,223,223
Y_T1,1.0117826382935706,0.01601520909435464,63.17636144071474,8.220249144973308e-141,0.9802157143152652,1.043349562271876,refeed_T1T2,Ferritin (µg/l),AIP_T0,223,223
AIP_T0,-0.023550250252836153,0.01237857041599045,-1.9025016186371808,0.05844195798981929,-0.04794914439024779,8.486438845754889e-4,refeed_T1T2,Ferritin (µg/l),AIP_T0,223,223
age,0.0013187227361989757,9.944986915758735e-4,1.3260175678153379,0.18624089005698666,-6.414929817816237e-4,0.0032789384541795754,refeed_T1T2,Ferritin (µg/l),AIP_T0,223,223
sexM,0.043580230864731596,0.023521988596260632,1.852744324162273,0.06528949769528575,-0.0027829993286514823,0.08994346105811468,refeed_T1T2,Ferritin (µg/l),AIP_T0,223,223
BMI_baseline,0.005892519608227861,0.0021026419495781628,2.8024360540367,0.0055351233029135236,0.0017480880129309524,0.010036951203524769,refeed_T1T2,Ferritin (µg/l),AIP_T0,223,223
FR_duration,-0.0647929371857272,0.0065908743637995565,-9.830704335922873,4.509404848398557e-19,-0.0777839402233311,-0.05180193414812331,refeed_T1T2,Ferritin (µg/l),AIP_T0,223,223
diet_ketoKeto,-0.031572646926506874,0.022679126948823868,-1.3921456058582635,0.16531661105338333,-0.07627454698101313,0.013129253127999382,refeed_T1T2,Ferritin (µg/l),AIP_T0,223,223
(Intercept),-0.16511114977798752,0.09937003873220933,-1.6615788006578405,0.09805464995189798,-0.36097537108788225,0.030753071531907233,refeed_T1T2,Ferritin (µg/l),logHOMA_T0,223,223
Y_T1,1.0043296598934286,0.01580529739004977,63.54386349767165,2.5159540549137118e-141,0.9731764842947359,1.0354828354921213,refeed_T1T2,Ferritin (µg/l),logHOMA_T0,223,223
logHOMA_T0,-2.825232341182141e-4,0.011009949952037112,-0.025660719199358424,0.9795517562873127,-0.021983785521315847,0.02141873905307942,refeed_T1T2,Ferritin (µg/l),logHOMA_T0,223,223
age,0.001578964369857981,9.93550780435808e-4,1.589213557021604,0.11348159227371035,-3.793829592230202e-4,0.0035373116989389822,refeed_T1T2,Ferritin (µg/l),logHOMA_T0,223,223
sexM,0.02807333613786667,0.022279884560566343,1.260030592238987,0.2090242716480798,-0.01584163356532216,0.0719883058410555,refeed_T1T2,Ferritin (µg/l),logHOMA_T0,223,223
BMI_baseline,0.004118129751755429,0.002121217229101444,1.9413993509282803,0.05351672703963494,-6.291481769202592e-5,0.008299174321202883,refeed_T1T2,Ferritin (µg/l),logHOMA_T0,223,223
FR_duration,-0.06470704553646081,0.006654381332153661,-9.723976175485973,9.354357964937164e-19,-0.07782322456335812,-0.0515908665095635,refeed_T1T2,Ferritin (µg/l),logHOMA_T0,223,223
diet_ketoKeto,-0.035197845416946295,0.022795062043071825,-1.5440995664078083,0.1240348146291005,-0.08012826039654541,0.009732569562652817,refeed_T1T2,Ferritin (µg/l),logHOMA_T0,223,223
(Intercept),-0.22934485002764285,0.10093768937087721,-2.272142858203905,0.02406699893657143,-0.4282990034292026,-0.030390696626083097,refeed_T1T2,Ferritin (µg/l),TyG_T0,223,223
Y_T1,1.010403982107932,0.01614798923142099,62.571504577292714,5.848368267241905e-140,0.9785753406292238,1.0422326235866402,refeed_T1T2,Ferritin (µg/l),TyG_T0,223,223
TyG_T0,-0.016009767567301967,0.01112024579623071,-1.4396954762212717,0.15140799488047674,-0.037928429484330825,0.005908894349726891,refeed_T1T2,Ferritin (µg/l),TyG_T0,223,223
age,0.00155423659678015,9.887310276600163e-4,1.5719508676272549,0.11743238775917443,-3.946107146256981e-4,0.003503083908185998,refeed_T1T2,Ferritin (µg/l),TyG_T0,223,223
sexM,0.03310407608852478,0.02241437359735573,1.4769128365215676,0.14116223533604777,-0.011075979457454747,0.07728413163450432,refeed_T1T2,Ferritin (µg/l),TyG_T0,223,223
BMI_baseline,0.005186301671359478,0.002031800567877088,2.552564337935168,0.01138677343775585,0.001181502627689024,0.009191100715029932,refeed_T1T2,Ferritin (µg/l),TyG_T0,223,223
FR_duration,-0.06426284699952955,0.006621661714867879,-9.704942621160734,1.0651100343077818e-18,-0.07731453372630301,-0.05121116027275611,refeed_T1T2,Ferritin (µg/l),TyG_T0,223,223
diet_ketoKeto,-0.033285558906343854,0.02271822424531168,-1.4651479159165768,0.1443413763914618,-0.07806452204374317,0.011493404231055465,refeed_T1T2,Ferritin (µg/l),TyG_T0,223,223
(Intercept),-0.12518702367697498,0.07404114100969288,-1.690776532746659,0.09235608211506965,-0.2711421515493273,0.020768104195377307,refeed_T1T2,Monocytes abs. (Tsd./µl),AIP_T0,219,219
Y_T1,1.0642760478597382,0.056576029902313876,18.811430383103126,5.258567935070827e-47,0.9527493808433394,1.175802714876137,refeed_T1T2,Monocytes abs. (Tsd./µl),AIP_T0,219,219
AIP_T0,-0.01281052730318021,0.010955674145059057,-1.1693052507369144,0.24359989989408154,-0.03440712615300865,0.008786071546648231,refeed_T1T2,Monocytes abs. (Tsd./µl),AIP_T0,219,219
age,0.0015393261356417497,8.43490884067988e-4,1.8249469730104104,0.06942301379547366,-0.00012342268433105231,0.003202074955614552,refeed_T1T2,Monocytes abs. (Tsd./µl),AIP_T0,219,219
sexM,0.016881736340787837,0.020811106269524784,0.8111888009292899,0.41817133450544075,-0.024142586560124225,0.0579060592416999,refeed_T1T2,Monocytes abs. (Tsd./µl),AIP_T0,219,219
BMI_baseline,-8.627110167211481e-4,0.0019853126336272908,-0.4345466815193338,0.6643355697464675,-0.004776299534620052,0.003050877501177755,refeed_T1T2,Monocytes abs. (Tsd./µl),AIP_T0,219,219
FR_duration,0.0025764567750601523,0.006262623373155072,0.41140215873498215,0.6811952347065224,-0.00976886884769827,0.014921782397818575,refeed_T1T2,Monocytes abs. (Tsd./µl),AIP_T0,219,219
diet_ketoKeto,-0.015308513204124357,0.020563395924394462,-0.744454527861509,0.45742984660620956,-0.05584453197295844,0.02522750556470972,refeed_T1T2,Monocytes abs. (Tsd./µl),AIP_T0,219,219
(Intercept),-0.09516559350072414,0.07514995932068999,-1.2663425816988236,0.2067866835209365,-0.2433065023613462,0.052975315359897926,refeed_T1T2,Monocytes abs. (Tsd./µl),logHOMA_T0,219,219
Y_T1,1.0572437614545662,0.056849765201924536,18.597152647849025,2.3853572730547686e-46,0.9451774880772577,1.1693100348318748,refeed_T1T2,Monocytes abs. (Tsd./µl),logHOMA_T0,219,219
logHOMA_T0,-0.0011650696486865052,0.009910310266992165,-0.11756136965428333,0.906527045851244,-0.020700973371242156,0.018370834073869146,refeed_T1T2,Monocytes abs. (Tsd./µl),logHOMA_T0,219,219
age,0.0015976468004833364,8.471449519725853e-4,1.8859190469862332,0.06067963976208854,-7.23051762884664e-5,0.003267598777255139,refeed_T1T2,Monocytes abs. (Tsd./µl),logHOMA_T0,219,219
sexM,0.006796451913316882,0.01899539732458361,0.35779466979198155,0.7208546329827643,-0.030648617242664773,0.04424152106929854,refeed_T1T2,Monocytes abs. (Tsd./µl),logHOMA_T0,219,219
BMI_baseline,-0.0017999384915610187,0.001962296014362128,-0.9172614520883661,0.36005289268965046,-0.00566815502353123,0.002068278040409193,refeed_T1T2,Monocytes abs. (Tsd./µl),logHOMA_T0,219,219
FR_duration,0.002749385126166005,0.006291857380226474,0.4369751187950547,0.6625762614479523,-0.009653568636598647,0.015152338888930656,refeed_T1T2,Monocytes abs. (Tsd./µl),logHOMA_T0,219,219
diet_ketoKeto,-0.017422731123591474,0.02055860368704507,-0.8474666562384461,0.39769531444196105,-0.0579493030956098,0.02310384084842685,refeed_T1T2,Monocytes abs. (Tsd./µl),logHOMA_T0,219,219
(Intercept),-0.15241124881691498,0.0736947291622039,-2.068143143337349,0.039845870094161046,-0.2976835051828688,-0.007138992450961168,refeed_T1T2,Monocytes abs. (Tsd./µl),TyG_T0,219,219
Y_T1,1.0692869446546847,0.05611286200168905,19.056004390267923,9.412301252933155e-48,0.9586733069249795,1.1799005823843898,refeed_T1T2,Monocytes abs. (Tsd./µl),TyG_T0,219,219
TyG_T0,-0.02036935161347199,0.00971482178960543,-2.0967293126536393,0.03720899038343377,-0.039519894638914435,-0.00121880858802954,refeed_T1T2,Monocytes abs. (Tsd./µl),TyG_T0,219,219
age,0.0017245666929688902,8.388402402247469e-4,2.055894090758968,0.04102372317167644,7.098555068949615e-5,0.0033781478352482843,refeed_T1T2,Monocytes abs. (Tsd./µl),TyG_T0,219,219
sexM,0.016780370541442758,0.019348968638284378,0.8672488366248461,0.3867908760780565,-0.021361683366522066,0.05492242444940758,refeed_T1T2,Monocytes abs. (Tsd./µl),TyG_T0,219,219
BMI_baseline,-3.604485839839432e-4,0.0019111114052786466,-0.18860678816962456,0.8505822902898674,-0.004127766398538416,0.0034068692305705304,refeed_T1T2,Monocytes abs. (Tsd./µl),TyG_T0,219,219
FR_duration,0.0030802046734003698,0.006219983616456692,0.49521105895694545,0.6209664551912442,-0.009181066448623883,0.015341475795424622,refeed_T1T2,Monocytes abs. (Tsd./µl),TyG_T0,219,219
diet_ketoKeto,-0.014970783956712867,0.02037534926661746,-0.7347498077611204,0.46330767934058936,-0.05513611186898361,0.02519454395555788,refeed_T1T2,Monocytes abs. (Tsd./µl),TyG_T0,219,219
(Intercept),1.426599417847045,0.5423598437370037,2.6303559054398185,0.009193454945232897,0.35712209013137075,2.496076745562719,refeed_T1T2,Neutrophils abs. (Tsd./µl),AIP_T0,208,208
Y_T1,0.46738546594928115,0.04761303578577998,9.81633408237476,8.155841946705538e-19,0.3734975004875555,0.5612734314110068,refeed_T1T2,Neutrophils abs. (Tsd./µl),AIP_T0,208,208
AIP_T0,0.25591291008321226,0.08005707972603217,3.196630591060606,0.0016162109116667981,0.09804865689629075,0.4137771632701338,refeed_T1T2,Neutrophils abs. (Tsd./µl),AIP_T0,208,208
age,0.0034190740988659985,0.006033643100615718,0.5666682702059541,0.5715749579116789,-0.008478643945992917,0.015316792143724913,refeed_T1T2,Neutrophils abs. (Tsd./µl),AIP_T0,208,208
sexM,-0.12219686742950633,0.15103291839163824,-0.8090743973617848,0.4194337999884723,-0.42001810885038593,0.17562437399137323,refeed_T1T2,Neutrophils abs. (Tsd./µl),AIP_T0,208,208
BMI_baseline,-0.003936638378006375,0.014257327837212747,-0.2761133378536361,0.7827461196072236,-0.03205060929931678,0.024177332543304033,refeed_T1T2,Neutrophils abs. (Tsd./µl),AIP_T0,208,208
FR_duration,-0.11713337191121477,0.04903517030869878,-2.3887624163188734,0.017834988843786998,-0.21382563906818342,-0.020441104754246125,refeed_T1T2,Neutrophils abs. (Tsd./µl),AIP_T0,208,208
diet_ketoKeto,0.025207936969297056,0.15026992729511313,0.16775104256084133,0.8669486423940655,-0.27110876518967836,0.3215246391282725,refeed_T1T2,Neutrophils abs. (Tsd./µl),AIP_T0,208,208
(Intercept),1.183287527511355,0.5571265896946838,2.123911422285229,0.03490611764399233,0.08469170920637015,2.2818833458163397,refeed_T1T2,Neutrophils abs. (Tsd./µl),logHOMA_T0,208,208
Y_T1,0.4667278803872319,0.04849391236564429,9.624463311355491,2.9323185904255486e-18,0.37110291772418424,0.5623528430502795,refeed_T1T2,Neutrophils abs. (Tsd./µl),logHOMA_T0,208,208
logHOMA_T0,0.13670463681836761,0.07266654274610661,1.8812596781438606,0.061389504685181534,-0.0065862444072119775,0.2799955180439472,refeed_T1T2,Neutrophils abs. (Tsd./µl),logHOMA_T0,208,208
age,0.0015152034123293795,0.0061524539388407,0.2462762708004747,0.8057209520127315,-0.010616797275752158,0.013647204100410919,refeed_T1T2,Neutrophils abs. (Tsd./µl),logHOMA_T0,208,208
sexM,0.07789182194012537,0.1357783303773964,0.5736690215855854,0.5668363257915474,-0.18984895498237978,0.34563259886263054,refeed_T1T2,Neutrophils abs. (Tsd./µl),logHOMA_T0,208,208
BMI_baseline,0.006552272947852351,0.014075901037183489,0.4654958095075827,0.64208291942375,-0.021203943151614384,0.034308489047319084,refeed_T1T2,Neutrophils abs. (Tsd./µl),logHOMA_T0,208,208
FR_duration,-0.12744307310931643,0.05009183646815387,-2.5441884765063265,0.011708446556904945,-0.22621897627575632,-0.028667169942876533,refeed_T1T2,Neutrophils abs. (Tsd./µl),logHOMA_T0,208,208
diet_ketoKeto,0.07862976079464878,0.15234837352793015,0.5161181506163801,0.6063420256514302,-0.22178542164184473,0.3790449432311423,refeed_T1T2,Neutrophils abs. (Tsd./µl),logHOMA_T0,208,208
(Intercept),1.3805141202835645,0.5520836693851288,2.500552356169278,0.013203208710855372,0.2918624174930782,2.469165823074051,refeed_T1T2,Neutrophils abs. (Tsd./µl),TyG_T0,208,208
Y_T1,0.46655626880624806,0.04794326747982986,9.731424104594712,1.4383442559592662e-18,0.3720171207141012,0.5610954168983949,refeed_T1T2,Neutrophils abs. (Tsd./µl),TyG_T0,208,208
TyG_T0,0.19963184160764685,0.07244074236523976,2.7557950828433113,0.006395972271142117,0.05678621530039374,0.34247746791489997,refeed_T1T2,Neutrophils abs. (Tsd./µl),TyG_T0,208,208
age,8.273809566570568e-4,0.006099422234580174,0.13564907049167516,0.892235142359711,-0.011200046714060283,0.012854808627374396,refeed_T1T2,Neutrophils abs. (Tsd./µl),TyG_T0,208,208
sexM,-0.011660479936362161,0.14043465514092385,-0.08303135664527436,0.9339096499786145,-0.2885830460760801,0.2652620862033558,refeed_T1T2,Neutrophils abs. (Tsd./µl),TyG_T0,208,208
BMI_baseline,0.002097199264296392,0.013837255792554064,0.1515617905556759,0.8796853416750363,-0.025188433178497387,0.02938283170709017,refeed_T1T2,Neutrophils abs. (Tsd./µl),TyG_T0,208,208
FR_duration,-0.1280420350348758,0.049481428722388046,-2.5876786168250376,0.010371035351349782,-0.22561427747256318,-0.030469792597188405,refeed_T1T2,Neutrophils abs. (Tsd./µl),TyG_T0,208,208
diet_ketoKeto,0.04584877828408621,0.15085440023537983,0.3039273512244114,0.7614992045304618,-0.2516204438586174,0.3433180004267899,refeed_T1T2,Neutrophils abs. (Tsd./µl),TyG_T0,208,208
(Intercept),2.1322910875359757,0.6285339893314313,3.3924833401676238,8.27003715181626e-4,0.8932804843231055,3.371301690748846,refeed_T1T2,White Blood Cells (Tsd./µl),AIP_T0,219,219
Y_T1,0.5617324127108162,0.04652924146213689,12.072675054630436,7.382850539328674e-26,0.47001068483359865,0.6534541405880337,refeed_T1T2,White Blood Cells (Tsd./µl),AIP_T0,219,219
AIP_T0,0.23313724203789016,0.08924255866971162,2.6123997957155782,0.009637330696728562,0.05721600575401825,0.40905847832176206,refeed_T1T2,White Blood Cells (Tsd./µl),AIP_T0,219,219
age,0.003677619432297955,0.006849054104785254,0.5369528953974095,0.5918658941653694,-0.009823719877663842,0.01717895874225975,refeed_T1T2,White Blood Cells (Tsd./µl),AIP_T0,219,219
sexM,-0.12634426553879347,0.16733785114248115,-0.7550250267718368,0.4510758919447211,-0.4562124594688156,0.20352392839122868,refeed_T1T2,White Blood Cells (Tsd./µl),AIP_T0,219,219
BMI_baseline,-0.0019590400103287236,0.015972904259733075,-0.12264770253881566,0.9025028166821835,-0.033445957309685075,0.029527877289027626,refeed_T1T2,White Blood Cells (Tsd./µl),AIP_T0,219,219
FR_duration,-0.09574703267511084,0.05142196541982558,-1.861987030122265,0.06399527178548282,-0.1971136436693388,0.0056195783191171494,refeed_T1T2,White Blood Cells (Tsd./µl),AIP_T0,219,219
diet_ketoKeto,-0.1503218708398625,0.1671987770464095,-0.8990608274493391,0.36964511283396917,-0.47991591208667295,0.1792721704069479,refeed_T1T2,White Blood Cells (Tsd./µl),AIP_T0,219,219
(Intercept),1.883497922867276,0.6392076691275145,2.946613462003911,0.003573839084877788,0.6234466079870651,3.1435492377474867,refeed_T1T2,White Blood Cells (Tsd./µl),logHOMA_T0,219,219
Y_T1,0.5703590109756542,0.046858928607661623,12.171832090979525,3.6179256621085636e-26,0.4779873805060842,0.6627306414452243,refeed_T1T2,White Blood Cells (Tsd./µl),logHOMA_T0,219,219
logHOMA_T0,0.12396606515767224,0.08090778905563016,1.5321895036884061,0.12697361847520444,-0.03552508444438311,0.28345721475972757,refeed_T1T2,White Blood Cells (Tsd./µl),logHOMA_T0,219,219
age,0.002063280875444619,0.0069357094606214776,0.2974866359612096,0.766387693255325,-0.01160887959380002,0.01573544134468926,refeed_T1T2,White Blood Cells (Tsd./µl),logHOMA_T0,219,219
sexM,0.042469023413809176,0.15226275427394995,0.2789193169158049,0.7805799214810765,-0.25768207457293835,0.34262012140055664,refeed_T1T2,White Blood Cells (Tsd./µl),logHOMA_T0,219,219
BMI_baseline,0.006436469565143548,0.01594310881561375,0.403714836270831,0.6868312739261767,-0.0249917128498344,0.0378646519801215,refeed_T1T2,White Blood Cells (Tsd./µl),logHOMA_T0,219,219
FR_duration,-0.10150081019447421,0.05205104117847494,-1.950024589257373,0.05249789837172165,-0.20410749976586845,0.001105879376920027,refeed_T1T2,White Blood Cells (Tsd./µl),logHOMA_T0,219,219
diet_ketoKeto,-0.10875316587321661,0.16850881041660679,-0.6453856365393867,0.51937848082533,-0.4409296374480409,0.22342330570160773,refeed_T1T2,White Blood Cells (Tsd./µl),logHOMA_T0,219,219
(Intercept),2.027430209125535,0.6332567295514185,3.2015928367025963,0.0015778557149101814,0.7791098067480908,3.2757506115029793,refeed_T1T2,White Blood Cells (Tsd./µl),TyG_T0,219,219
Y_T1,0.5650882983278985,0.0467359924665823,12.091073036096418,6.468165407396307e-26,0.47295900826457665,0.6572175883912204,refeed_T1T2,White Blood Cells (Tsd./µl),TyG_T0,219,219
TyG_T0,0.17205286048227902,0.08014257467478456,2.1468347027839174,0.032947360529709334,0.014070155527118822,0.3300355654374392,refeed_T1T2,White Blood Cells (Tsd./µl),TyG_T0,219,219
age,0.001648962232660416,0.006902436673952015,0.23889566982673913,0.8114183548451327,-0.011957608568910478,0.015255533034231309,refeed_T1T2,White Blood Cells (Tsd./µl),TyG_T0,219,219
sexM,-0.023169277861426252,0.15647905217815097,-0.14806632286504454,0.8824318267307307,-0.3316318401417215,0.285293284418869,refeed_T1T2,White Blood Cells (Tsd./µl),TyG_T0,219,219
BMI_baseline,0.003952795341226596,0.015539613695923157,0.25436895785019537,0.7994582548058083,-0.026679988988481416,0.034585579670934605,refeed_T1T2,White Blood Cells (Tsd./µl),TyG_T0,219,219
FR_duration,-0.1010595299260109,0.05172371729345024,-1.9538334677814821,0.05204251061410058,-0.20302097553110537,9.019156790835564e-4,refeed_T1T2,White Blood Cells (Tsd./µl),TyG_T0,219,219
diet_ketoKeto,-0.1338634428326402,0.16774565678739406,-0.7980143593363064,0.42575936442505447,-0.46453553205977205,0.19680864639449167,refeed_T1T2,White Blood Cells (Tsd./µl),TyG_T0,219,219
